{"cameraMode":{"drawMode":0,"name":"Shaded","section":"Shading Mode"},"sceneLighting":true,"audioPlay":false,"sceneViewState":{"m_AlwaysRefresh":false,"showFog":true,"showSkybox":true,"showFlares":true,"showImageEffects":true,"showParticleSystems":true,"showVisualEffectGraphs":true,"m_FxEnabled":true},"in2DMode":false,"pivot":{"x":820.9526977539063,"y":128.38986206054688,"z":611.8057250976563},"rotation":{"x":-0.12710778415203095,"y":-0.18499208986759187,"z":0.017625272274017335,"w":-0.9745239615440369},"size":534.5992431640625,"orthographic":false}