{"cameraMode":{"drawMode":0,"name":"Shaded","section":"Shading Mode"},"sceneLighting":false,"audioPlay":false,"sceneViewState":{"m_AlwaysRefresh":false,"showFog":true,"showSkybox":false,"showFlares":true,"showImageEffects":true,"showParticleSystems":true,"showVisualEffectGraphs":true,"m_FxEnabled":true},"in2DMode":false,"pivot":{"x":-35.2364501953125,"y":7.633378028869629,"z":1.7619428634643555},"rotation":{"x":-0.014382206834852696,"y":-0.9859483242034912,"z":0.16030584275722505,"w":-0.048829443752765658},"size":2.0302789211273195,"orthographic":false}